country,year,population
India,2026,"1,476,625,576"
India,2025,"1,463,865,525"
India,2024,"1,450,935,791"
India,2023,"1,438,069,596"
India,2022,"1,425,423,212"
India,2020,"1,402,617,695"
India,2015,"1,328,024,498"
India,2010,"1,243,481,564"
India,2005,"1,154,676,322"
India,2000,"1,057,922,733"
India,1995,"960,301,044"
India,1990,"864,972,221"
India,1985,"772,647,793"
India,1980,"687,354,025"
India,1975,"611,309,535"
India,1970,"545,864,268"
India,1965,"490,140,146"
India,1960,"435,990,338"
India,1955,"387,700,887"
China,2026,"1,412,914,089"
China,2025,"1,416,096,094"
China,2024,"1,419,321,278"
China,2023,"1,422,584,933"
China,2022,"1,425,179,569"
China,2020,"1,426,106,093"
China,2015,"1,396,134,174"
China,2010,"1,351,561,514"
China,2005,"1,310,027,136"
China,2000,"1,269,581,175"
China,1995,"1,220,133,927"
China,1990,"1,153,582,724"
China,1985,"1,059,807,820"
China,1980,"983,163,542"
China,1975,"916,116,793"
China,1970,"823,308,967"
China,1965,"723,415,733"
China,1960,"654,802,069"
China,1955,"603,547,007"
United States,2026,"349,035,494"
United States,2025,"347,275,807"
United States,2024,"345,426,571"
United States,2023,"343,477,335"
United States,2022,"341,534,046"
United States,2020,"339,436,159"
United States,2015,"326,126,497"
United States,2010,"311,062,790"
United States,2005,"295,716,664"
United States,2000,"281,484,131"
United States,1995,"268,205,795"
United States,1990,"253,373,387"
United States,1985,"241,690,443"
United States,1980,"229,858,655"
United States,1975,"219,129,301"
United States,1970,"207,796,339"
United States,1965,"195,653,774"
United States,1960,"180,274,555"
United States,1955,"166,200,024"
Indonesia,2026,"287,886,782"
Indonesia,2025,"285,721,236"
Indonesia,2024,"283,487,931"
Indonesia,2023,"281,190,067"
Indonesia,2022,"278,830,529"
Indonesia,2020,"274,814,866"
Indonesia,2015,"261,799,249"
Indonesia,2010,"246,305,322"
Indonesia,2005,"230,871,650"
Indonesia,2000,"216,077,790"
Indonesia,1995,"199,888,057"
Indonesia,1990,"183,501,098"
Indonesia,1985,"166,776,185"
Indonesia,1980,"148,950,540"
Indonesia,1975,"131,843,848"
Indonesia,1970,"115,657,495"
Indonesia,1965,"101,365,130"
Indonesia,1960,"88,296,070"
Indonesia,1955,"77,273,507"
Pakistan,2026,"259,299,791"
Pakistan,2025,"255,219,554"
Pakistan,2024,"251,269,164"
Pakistan,2023,"247,504,495"
Pakistan,2022,"243,700,667"
Pakistan,2020,"235,001,746"
Pakistan,2015,"217,290,883"
Pakistan,2010,"199,239,047"
Pakistan,2005,"175,453,212"
Pakistan,2000,"154,879,127"
Pakistan,1995,"134,582,253"
Pakistan,1990,"116,155,576"
Pakistan,1985,"98,229,285"
Pakistan,1980,"82,291,010"
Pakistan,1975,"69,461,175"
Pakistan,1970,"60,166,719"
Pakistan,1965,"52,209,010"
Pakistan,1960,"45,709,310"
Pakistan,1955,"40,098,069"
Nigeria,2026,"242,431,832"
Nigeria,2025,"237,527,782"
Nigeria,2024,"232,679,478"
Nigeria,2023,"227,882,945"
Nigeria,2022,"223,150,896"
Nigeria,2020,"213,996,181"
Nigeria,2015,"190,671,878"
Nigeria,2010,"166,642,886"
Nigeria,2005,"145,017,253"
Nigeria,2000,"126,382,494"
Nigeria,1995,"110,819,428"
Nigeria,1990,"97,120,925"
Nigeria,1985,"84,897,973"
Nigeria,1980,"73,764,641"
Nigeria,1975,"63,410,815"
Nigeria,1970,"55,893,838"
Nigeria,1965,"50,086,764"
Nigeria,1960,"45,053,782"
Nigeria,1955,"40,935,635"
Brazil,2026,"213,562,666"
Brazil,2025,"212,812,405"
Brazil,2024,"211,998,573"
Brazil,2023,"211,140,729"
Brazil,2022,"210,306,415"
Brazil,2020,"208,660,842"
Brazil,2015,"201,675,532"
Brazil,2010,"193,701,929"
Brazil,2005,"184,688,101"
Brazil,2000,"174,018,282"
Brazil,1995,"161,735,073"
Brazil,1990,"149,143,223"
Brazil,1985,"135,515,595"
Brazil,1980,"121,207,461"
Brazil,1975,"107,619,565"
Brazil,1970,"95,375,651"
Brazil,1965,"83,817,583"
Brazil,1960,"72,388,126"
Brazil,1955,"62,101,388"
Bangladesh,2026,"177,818,044"
Bangladesh,2025,"175,686,899"
Bangladesh,2024,"173,562,364"
Bangladesh,2023,"171,466,990"
Bangladesh,2022,"169,384,897"
Bangladesh,2020,"166,298,024"
Bangladesh,2015,"159,383,179"
Bangladesh,2010,"152,201,981"
Bangladesh,2005,"144,715,786"
Bangladesh,2000,"134,544,304"
Bangladesh,1995,"122,600,370"
Bangladesh,1990,"111,633,717"
Bangladesh,1985,"100,253,825"
Bangladesh,1980,"88,016,432"
Bangladesh,1975,"77,854,351"
Bangladesh,1970,"69,058,894"
Bangladesh,1965,"59,902,519"
Bangladesh,1960,"51,828,660"
Bangladesh,1955,"45,767,684"
Russia,2026,"143,394,458"
Russia,2025,"143,997,393"
Russia,2024,"144,820,423"
Russia,2023,"145,440,500"
Russia,2022,"145,579,899"
Russia,2020,"146,371,299"
Russia,2015,"145,307,616"
Russia,2010,"143,934,465"
Russia,2005,"144,597,884"
Russia,2000,"146,717,783"
Russia,1995,"148,291,403"
Russia,1990,"148,979,541"
Russia,1985,"143,569,389"
Russia,1980,"138,572,623"
Russia,1975,"134,136,098"
Russia,1970,"130,367,189"
Russia,1965,"126,634,214"
Russia,1960,"119,934,141"
Russia,1955,"111,160,992"
Ethiopia,2026,"138,902,185"
Ethiopia,2025,"135,472,051"
Ethiopia,2024,"132,059,767"
Ethiopia,2023,"128,691,692"
Ethiopia,2022,"125,384,287"
Ethiopia,2020,"118,917,671"
Ethiopia,2015,"103,867,135"
Ethiopia,2010,"90,538,514"
Ethiopia,2005,"78,367,470"
Ethiopia,2000,"67,411,494"
Ethiopia,1995,"57,537,335"
Ethiopia,1990,"47,609,755"
Ethiopia,1985,"39,842,136"
Ethiopia,1980,"34,428,514"
Ethiopia,1975,"31,723,252"
Ethiopia,1970,"27,829,128"
Ethiopia,1965,"24,310,612"
Ethiopia,1960,"21,376,693"
Ethiopia,1955,"19,419,770"
Mexico,2026,"132,997,658"
Mexico,2025,"131,946,900"
Mexico,2024,"130,861,007"
Mexico,2023,"129,739,759"
Mexico,2022,"128,613,117"
Mexico,2020,"126,799,054"
Mexico,2015,"121,072,306"
Mexico,2010,"113,623,895"
Mexico,2005,"105,811,504"
Mexico,2000,"98,625,552"
Mexico,1995,"90,862,455"
Mexico,1990,"82,820,170"
Mexico,1985,"75,043,414"
Mexico,1980,"67,300,334"
Mexico,1975,"58,982,400"
Mexico,1970,"50,814,953"
Mexico,1965,"43,174,477"
Mexico,1960,"36,724,615"
Mexico,1955,"31,650,600"
Japan,2026,"122,427,731"
Japan,2025,"123,103,479"
Japan,2024,"123,753,041"
Japan,2023,"124,370,947"
Japan,2022,"124,997,578"
Japan,2020,"126,304,543"
Japan,2015,"127,275,872"
Japan,2010,"128,185,275"
Japan,2005,"127,913,330"
Japan,2000,"127,027,789"
Japan,1995,"125,672,665"
Japan,1990,"123,399,765"
Japan,1985,"120,832,163"
Japan,1980,"118,358,756"
Japan,1975,"113,321,196"
Japan,1970,"106,712,368"
Japan,1965,"100,916,019"
Japan,1960,"96,399,754"
Japan,1955,"92,425,478"
Egypt,2026,"120,101,175"
Egypt,2025,"118,365,995"
Egypt,2024,"116,538,258"
Egypt,2023,"114,535,772"
Egypt,2022,"112,618,250"
Egypt,2020,"109,315,124"
Egypt,2015,"99,597,342"
Egypt,2010,"89,196,072"
Egypt,2005,"81,101,004"
Egypt,2000,"73,083,284"
Egypt,1995,"65,652,622"
Egypt,1990,"58,396,618"
Egypt,1985,"50,734,968"
Egypt,1980,"43,950,413"
Egypt,1975,"38,875,327"
Egypt,1970,"34,623,990"
Egypt,1965,"30,629,174"
Egypt,1960,"26,896,479"
Egypt,1955,"23,795,229"
Philippines,2026,"117,724,471"
Philippines,2025,"116,786,962"
Philippines,2024,"115,843,670"
Philippines,2023,"114,891,199"
Philippines,2022,"113,964,338"
Philippines,2020,"112,081,264"
Philippines,2015,"105,312,992"
Philippines,2010,"96,337,125"
Philippines,2005,"88,015,962"
Philippines,2000,"79,625,397"
Philippines,1995,"70,546,246"
Philippines,1990,"62,854,666"
Philippines,1985,"55,213,006"
Philippines,1980,"48,043,740"
Philippines,1975,"42,120,826"
Philippines,1970,"37,622,204"
Philippines,1965,"32,625,316"
Philippines,1960,"27,891,897"
Philippines,1955,"22,880,573"
DR Congo,2026,"116,452,162"
DR Congo,2025,"112,832,473"
DR Congo,2024,"109,276,265"
DR Congo,2023,"105,789,731"
DR Congo,2022,"102,396,968"
DR Congo,2020,"95,989,998"
DR Congo,2015,"81,035,531"
DR Congo,2010,"68,563,038"
DR Congo,2005,"58,775,724"
DR Congo,2000,"50,507,442"
DR Congo,1995,"44,433,704"
DR Congo,1990,"36,684,063"
DR Congo,1985,"31,264,816"
DR Congo,1980,"26,711,099"
DR Congo,1975,"23,021,101"
DR Congo,1970,"20,137,436"
DR Congo,1965,"17,427,802"
DR Congo,1960,"15,264,846"
DR Congo,1955,"13,630,351"
Vietnam,2026,"102,177,431"
Vietnam,2025,"101,598,527"
Vietnam,2024,"100,987,686"
Vietnam,2023,"100,352,192"
Vietnam,2022,"99,680,655"
Vietnam,2020,"98,079,191"
Vietnam,2015,"92,823,254"
Vietnam,2010,"87,455,152"
Vietnam,2005,"81,088,313"
Vietnam,2000,"77,154,011"
Vietnam,1995,"72,049,940"
Vietnam,1990,"65,504,552"
Vietnam,1985,"59,060,622"
Vietnam,1980,"52,490,101"
Vietnam,1975,"46,482,903"
Vietnam,1970,"41,475,230"
Vietnam,1965,"37,129,656"
Vietnam,1960,"32,531,933"
Vietnam,1955,"28,166,446"
Iran,2026,"93,168,497"
Iran,2025,"92,417,681"
Iran,2024,"91,567,738"
Iran,2023,"90,608,707"
Iran,2022,"89,524,246"
Iran,2020,"87,723,443"
Iran,2015,"82,619,362"
Iran,2010,"77,420,842"
Iran,2005,"71,828,455"
Iran,2000,"66,418,659"
Iran,1995,"62,205,567"
Iran,1990,"58,380,092"
Iran,1985,"49,582,289"
Iran,1980,"39,842,324"
Iran,1975,"33,802,973"
Iran,1970,"29,145,100"
Iran,1965,"25,036,978"
Iran,1960,"21,470,434"
Iran,1955,"18,700,802"
Turkey,2026,"87,926,082"
Turkey,2025,"87,685,426"
Turkey,2024,"87,473,805"
Turkey,2023,"87,270,501"
Turkey,2022,"87,058,473"
Turkey,2020,"86,091,692"
Turkey,2015,"80,014,226"
Turkey,2010,"73,346,769"
Turkey,2005,"69,329,557"
Turkey,2000,"65,425,961"
Turkey,1995,"61,024,503"
Turkey,1990,"56,015,628"
Turkey,1985,"50,687,115"
Turkey,1980,"45,408,815"
Turkey,1975,"41,053,126"
Turkey,1970,"36,638,465"
Turkey,1965,"32,345,220"
Turkey,1960,"28,329,898"
Turkey,1955,"24,310,511"
Germany,2026,"83,644,258"
Germany,2025,"84,075,075"
Germany,2024,"84,552,242"
Germany,2023,"84,548,231"
Germany,2022,"84,086,227"
Germany,2020,"83,628,708"
Germany,2015,"82,077,550"
Germany,2010,"80,830,924"
Germany,2005,"82,046,731"
Germany,2000,"81,797,258"
Germany,1995,"82,019,890"
Germany,1990,"79,707,959"
Germany,1985,"77,863,424"
Germany,1980,"78,315,375"
Germany,1975,"78,701,865"
Germany,1970,"78,205,102"
Germany,1965,"75,966,964"
Germany,1960,"72,811,640"
Germany,1955,"70,334,152"
Tanzania,2026,"72,563,780"
Tanzania,2025,"70,545,865"
Tanzania,2024,"68,560,157"
Tanzania,2023,"66,617,606"
Tanzania,2022,"64,711,821"
Tanzania,2020,"60,972,798"
Tanzania,2015,"52,020,962"
Tanzania,2010,"44,758,488"
Tanzania,2005,"39,182,076"
Tanzania,2000,"34,260,139"
Tanzania,1995,"30,383,497"
Tanzania,1990,"26,110,207"
Tanzania,1985,"22,501,693"
Tanzania,1980,"19,189,769"
Tanzania,1975,"16,138,361"
Tanzania,1970,"13,492,677"
Tanzania,1965,"11,470,728"
Tanzania,1960,"9,901,419"
Tanzania,1955,"8,644,862"
